estimator,eta,window,H,mean,status
mfdfa,0.5,48,0.05,-0.04643057976452858,non-identified
mfdfa,0.5,48,0.1,-0.0016587546194800878,non-identified
mfdfa,0.5,48,0.15,0.01876795586284388,non-identified
mfdfa,0.5,48,0.2,0.0026463742838453486,non-identified
mfdfa,0.5,48,0.3,-0.021381150423764962,non-identified
mfdfa,0.5,48,0.45,-0.10982502267903009,non-identified
mfdfa,0.5,48,0.6,-0.19212274519695183,non-identified
mfdfa,0.5,96,0.05,-0.013624948283134024,non-identified
mfdfa,0.5,96,0.1,0.03339511795393095,non-identified
mfdfa,0.5,96,0.15,0.062120941829500655,non-identified
mfdfa,0.5,96,0.2,0.06155062641914495,non-identified
mfdfa,0.5,96,0.3,0.06594097777459826,non-identified
mfdfa,0.5,96,0.45,-0.007668269953046256,non-identified
mfdfa,0.5,96,0.6,-0.09961482260417649,non-identified
mfdfa,0.5,288,0.05,0.03313536578624361,non-identified
mfdfa,0.5,288,0.1,0.052689337322521027,non-identified
mfdfa,0.5,288,0.15,0.10566239625370928,non-identified
mfdfa,0.5,288,0.2,0.14519774378087777,non-identified
mfdfa,0.5,288,0.3,0.17255641654963966,non-identified
mfdfa,0.5,288,0.45,0.14977200295163431,non-identified
mfdfa,0.5,288,0.6,0.051334937592742894,non-identified
mfdfa,1.5,48,0.05,0.016027697597467826,non-identified
mfdfa,1.5,48,0.1,0.08047887921315086,non-identified
mfdfa,1.5,48,0.15,0.11053475518272793,non-identified
mfdfa,1.5,48,0.2,0.16262991979927133,non-identified
mfdfa,1.5,48,0.3,0.19662758147550244,non-identified
mfdfa,1.5,48,0.45,0.18593826947411687,non-identified
mfdfa,1.5,48,0.6,0.12095729864682067,non-identified
mfdfa,1.5,96,0.05,0.03496016416118656,non-identified
mfdfa,1.5,96,0.1,0.08460629761706293,non-identified
mfdfa,1.5,96,0.15,0.1232910542539051,non-identified
mfdfa,1.5,96,0.2,0.16372802675447745,non-identified
mfdfa,1.5,96,0.3,0.24445769428943817,non-identified
mfdfa,1.5,96,0.45,0.27038902637492207,non-identified
mfdfa,1.5,96,0.6,0.22793719109640082,non-identified
mfdfa,1.5,288,0.05,0.0431556130327484,identified
mfdfa,1.5,288,0.1,0.07815587151598803,identified
mfdfa,1.5,288,0.15,0.14304115189702382,identified
mfdfa,1.5,288,0.2,0.17485094995801007,identified
mfdfa,1.5,288,0.3,0.27158899682284965,de-biasable
mfdfa,1.5,288,0.45,0.3615601456694085,de-biasable
mfdfa,1.5,288,0.6,0.35585956137266017,non-identified
mfdfa,2.5,48,0.05,0.03273769638302472,non-identified
mfdfa,2.5,48,0.1,0.09732467051546771,non-identified
mfdfa,2.5,48,0.15,0.12921584534888306,non-identified
mfdfa,2.5,48,0.2,0.16909817791866244,non-identified
mfdfa,2.5,48,0.3,0.24601083903656978,non-identified
mfdfa,2.5,48,0.45,0.3026748785597202,non-identified
mfdfa,2.5,48,0.6,0.2869920678167238,non-identified
mfdfa,2.5,96,0.05,0.025744924900240707,non-identified
mfdfa,2.5,96,0.1,0.08219435740825522,non-identified
mfdfa,2.5,96,0.15,0.13406350452560367,non-identified
mfdfa,2.5,96,0.2,0.1767330821297357,non-identified
mfdfa,2.5,96,0.3,0.2883372374168576,non-identified
mfdfa,2.5,96,0.45,0.3531246283240318,non-identified
mfdfa,2.5,96,0.6,0.33468081052756216,non-identified
mfdfa,2.5,288,0.05,0.03236427905193846,identified
mfdfa,2.5,288,0.1,0.0980032873748167,identified
mfdfa,2.5,288,0.15,0.14252070534102912,identified
mfdfa,2.5,288,0.2,0.18838971184485043,identified
mfdfa,2.5,288,0.3,0.28279070529010086,identified
mfdfa,2.5,288,0.45,0.40542558586589506,de-biasable
mfdfa,2.5,288,0.6,0.46909938562281556,de-biasable
mfdfa,3.5,48,0.05,0.029820990805494284,identified
mfdfa,3.5,48,0.1,0.0846115561065054,identified
mfdfa,3.5,48,0.15,0.13652108542449387,identified
mfdfa,3.5,48,0.2,0.1977928295580582,identified
mfdfa,3.5,48,0.3,0.2850177282766592,de-biasable
mfdfa,3.5,48,0.45,0.3673281123947584,de-biasable
mfdfa,3.5,48,0.6,0.37640584093404894,non-identified
mfdfa,3.5,96,0.05,0.021855382297531336,identified
mfdfa,3.5,96,0.1,0.09750942040617454,identified
mfdfa,3.5,96,0.15,0.1429435538247445,identified
mfdfa,3.5,96,0.2,0.1893602096202674,identified
mfdfa,3.5,96,0.3,0.29326509460188854,identified
mfdfa,3.5,96,0.45,0.4094184462149116,de-biasable
mfdfa,3.5,96,0.6,0.4666860554701632,de-biasable
mfdfa,3.5,288,0.05,0.033389260405223095,identified
mfdfa,3.5,288,0.1,0.1093722912348555,identified
mfdfa,3.5,288,0.15,0.1414728612426044,identified
mfdfa,3.5,288,0.2,0.19711048449497307,identified
mfdfa,3.5,288,0.3,0.30274200947531354,identified
mfdfa,3.5,288,0.45,0.4613796738900219,de-biasable
mfdfa,3.5,288,0.6,0.5309996845296798,de-biasable
normalized-pvariation,0.5,48,0.05,0.09295594019019134,non-identified
normalized-pvariation,0.5,48,0.1,0.1089242178208939,non-identified
normalized-pvariation,0.5,48,0.15,0.07247382603488063,non-identified
normalized-pvariation,0.5,48,0.2,0.07600031657112681,non-identified
normalized-pvariation,0.5,48,0.3,0.054581920541467474,non-identified
normalized-pvariation,0.5,48,0.45,0.0456625211842374,non-identified
normalized-pvariation,0.5,48,0.6,0.04101374189020846,non-identified
normalized-pvariation,0.5,96,0.05,0.12663190479186057,non-identified
normalized-pvariation,0.5,96,0.1,0.13352265526065138,non-identified
normalized-pvariation,0.5,96,0.15,0.11281999077247802,de-biasable
normalized-pvariation,0.5,96,0.2,0.10661439348779563,non-identified
normalized-pvariation,0.5,96,0.3,0.06402643506057583,de-biasable
normalized-pvariation,0.5,96,0.45,0.04975802627678725,non-identified
normalized-pvariation,0.5,96,0.6,0.03524518201522979,non-identified
normalized-pvariation,0.5,288,0.05,0.14726494717391148,non-identified
normalized-pvariation,0.5,288,0.1,0.17556686824112985,non-identified
normalized-pvariation,0.5,288,0.15,0.18609066167490468,non-identified
normalized-pvariation,0.5,288,0.2,0.171171955448827,non-identified
normalized-pvariation,0.5,288,0.3,0.133522334242891,non-identified
normalized-pvariation,0.5,288,0.45,0.07396992259260332,non-identified
normalized-pvariation,0.5,288,0.6,0.045448914374992086,non-identified
normalized-pvariation,1.5,48,0.05,0.16067648955100722,non-identified
normalized-pvariation,1.5,48,0.1,0.19319358685535115,non-identified
normalized-pvariation,1.5,48,0.15,0.20450642305279892,non-identified
normalized-pvariation,1.5,48,0.2,0.1929483561474174,non-identified
normalized-pvariation,1.5,48,0.3,0.15368603149275298,non-identified
normalized-pvariation,1.5,48,0.45,0.09547490858122969,non-identified
normalized-pvariation,1.5,48,0.6,0.051746835333067856,non-identified
normalized-pvariation,1.5,96,0.05,0.18626490955867211,non-identified
normalized-pvariation,1.5,96,0.1,0.20938653053977202,non-identified
normalized-pvariation,1.5,96,0.15,0.2180469154365178,non-identified
normalized-pvariation,1.5,96,0.2,0.23700164505983431,non-identified
normalized-pvariation,1.5,96,0.3,0.21412804933066104,non-identified
normalized-pvariation,1.5,96,0.45,0.12344083503888444,non-identified
normalized-pvariation,1.5,96,0.6,0.08302515364256753,non-identified
normalized-pvariation,1.5,288,0.05,0.199804328885607,non-identified
normalized-pvariation,1.5,288,0.1,0.22663418316395587,non-identified
normalized-pvariation,1.5,288,0.15,0.26318135187604125,non-identified
normalized-pvariation,1.5,288,0.2,0.2779993112284395,non-identified
normalized-pvariation,1.5,288,0.3,0.29578001093001655,non-identified
normalized-pvariation,1.5,288,0.45,0.22669694523551134,non-identified
normalized-pvariation,1.5,288,0.6,0.12954795087376808,non-identified
normalized-pvariation,2.5,48,0.05,0.18014004163405511,non-identified
normalized-pvariation,2.5,48,0.1,0.20070901355582732,non-identified
normalized-pvariation,2.5,48,0.15,0.2335059456315181,non-identified
normalized-pvariation,2.5,48,0.2,0.24880467198599043,non-identified
normalized-pvariation,2.5,48,0.3,0.24081789161850486,non-identified
normalized-pvariation,2.5,48,0.45,0.14429757910948404,non-identified
normalized-pvariation,2.5,48,0.6,0.09880045381057626,non-identified
normalized-pvariation,2.5,96,0.05,0.18490796975630483,non-identified
normalized-pvariation,2.5,96,0.1,0.2170670275131128,non-identified
normalized-pvariation,2.5,96,0.15,0.25320756238348063,non-identified
normalized-pvariation,2.5,96,0.2,0.27317871089072104,non-identified
normalized-pvariation,2.5,96,0.3,0.294888481890877,non-identified
normalized-pvariation,2.5,96,0.45,0.21420068249858196,non-identified
normalized-pvariation,2.5,96,0.6,0.1206900285340097,non-identified
normalized-pvariation,2.5,288,0.05,0.1941065538667295,non-identified
normalized-pvariation,2.5,288,0.1,0.2261744627196089,non-identified
normalized-pvariation,2.5,288,0.15,0.2588991977195651,non-identified
normalized-pvariation,2.5,288,0.2,0.29266245898772425,non-identified
normalized-pvariation,2.5,288,0.3,0.3498193276489971,non-identified
normalized-pvariation,2.5,288,0.45,0.3231730631928681,non-identified
normalized-pvariation,2.5,288,0.6,0.2233417727293539,non-identified
normalized-pvariation,3.5,48,0.05,0.17264845351872604,non-identified
normalized-pvariation,3.5,48,0.1,0.2186655650091053,non-identified
normalized-pvariation,3.5,48,0.15,0.2482464017995778,non-identified
normalized-pvariation,3.5,48,0.2,0.2744657880110131,non-identified
normalized-pvariation,3.5,48,0.3,0.27974567543219725,non-identified
normalized-pvariation,3.5,48,0.45,0.2133732759324401,non-identified
normalized-pvariation,3.5,48,0.6,0.11393063084875013,non-identified
normalized-pvariation,3.5,96,0.05,0.18256435889098938,non-identified
normalized-pvariation,3.5,96,0.1,0.21392348477516782,non-identified
normalized-pvariation,3.5,96,0.15,0.2542500915878779,non-identified
normalized-pvariation,3.5,96,0.2,0.2909657130357734,non-identified
normalized-pvariation,3.5,96,0.3,0.3153569076399811,non-identified
normalized-pvariation,3.5,96,0.45,0.2759615763371131,non-identified
normalized-pvariation,3.5,96,0.6,0.18841948424929475,non-identified
normalized-pvariation,3.5,288,0.05,0.18469715496783307,non-identified
normalized-pvariation,3.5,288,0.1,0.2233593769082986,non-identified
normalized-pvariation,3.5,288,0.15,0.2648045975564216,non-identified
normalized-pvariation,3.5,288,0.2,0.30757980153197717,non-identified
normalized-pvariation,3.5,288,0.3,0.3637181945691442,non-identified
normalized-pvariation,3.5,288,0.45,0.386604430495045,non-identified
normalized-pvariation,3.5,288,0.6,0.2941549989883271,non-identified
pvariation-scaling-crossing,0.5,48,0.05,0.07374410254191374,non-identified
pvariation-scaling-crossing,0.5,48,0.1,0.08574781337762029,non-identified
pvariation-scaling-crossing,0.5,48,0.15,0.08347491039098126,non-identified
pvariation-scaling-crossing,0.5,48,0.2,0.06932401803602252,non-identified
pvariation-scaling-crossing,0.5,48,0.3,0.05800256754297568,non-identified
pvariation-scaling-crossing,0.5,48,0.45,NaN,uncalibrated
pvariation-scaling-crossing,0.5,48,0.6,NaN,uncalibrated
pvariation-scaling-crossing,0.5,96,0.05,0.08994540834467872,non-identified
pvariation-scaling-crossing,0.5,96,0.1,0.10128635222701479,non-identified
pvariation-scaling-crossing,0.5,96,0.15,0.09311371881323152,non-identified
pvariation-scaling-crossing,0.5,96,0.2,0.09225474212003881,non-identified
pvariation-scaling-crossing,0.5,96,0.3,0.08119372294746248,non-identified
pvariation-scaling-crossing,0.5,96,0.45,NaN,uncalibrated
pvariation-scaling-crossing,0.5,96,0.6,NaN,uncalibrated
pvariation-scaling-crossing,0.5,288,0.05,0.13089436235175458,non-identified
pvariation-scaling-crossing,0.5,288,0.1,0.1452908717028835,non-identified
pvariation-scaling-crossing,0.5,288,0.15,0.16060877648680383,non-identified
pvariation-scaling-crossing,0.5,288,0.2,0.1513614278369938,non-identified
pvariation-scaling-crossing,0.5,288,0.3,0.10652089756156415,non-identified
pvariation-scaling-crossing,0.5,288,0.45,0.08134483483802396,non-identified
pvariation-scaling-crossing,0.5,288,0.6,NaN,uncalibrated
pvariation-scaling-crossing,1.5,48,0.05,0.13017386541137518,non-identified
pvariation-scaling-crossing,1.5,48,0.1,0.15985362311916887,non-identified
pvariation-scaling-crossing,1.5,48,0.15,0.1748251084614442,non-identified
pvariation-scaling-crossing,1.5,48,0.2,0.17091372284495093,non-identified
pvariation-scaling-crossing,1.5,48,0.3,0.1308318481992767,non-identified
pvariation-scaling-crossing,1.5,48,0.45,0.07448808905565574,non-identified
pvariation-scaling-crossing,1.5,48,0.6,NaN,uncalibrated
pvariation-scaling-crossing,1.5,96,0.05,0.14838744590564804,non-identified
pvariation-scaling-crossing,1.5,96,0.1,0.18921007599425047,non-identified
pvariation-scaling-crossing,1.5,96,0.15,0.19309473308007158,non-identified
pvariation-scaling-crossing,1.5,96,0.2,0.22454570532307216,non-identified
pvariation-scaling-crossing,1.5,96,0.3,0.20109697934010712,non-identified
pvariation-scaling-crossing,1.5,96,0.45,0.10793114326162788,non-identified
pvariation-scaling-crossing,1.5,96,0.6,0.05283257311433024,non-identified
pvariation-scaling-crossing,1.5,288,0.05,0.16663571323195783,non-identified
pvariation-scaling-crossing,1.5,288,0.1,0.1914775024211952,non-identified
pvariation-scaling-crossing,1.5,288,0.15,0.2346855258333434,non-identified
pvariation-scaling-crossing,1.5,288,0.2,0.2527471002037627,non-identified
pvariation-scaling-crossing,1.5,288,0.3,0.2804296148773976,non-identified
pvariation-scaling-crossing,1.5,288,0.45,0.22592711366819943,non-identified
pvariation-scaling-crossing,1.5,288,0.6,0.1091671508076528,non-identified
pvariation-scaling-crossing,2.5,48,0.05,0.14279464414273368,non-identified
pvariation-scaling-crossing,2.5,48,0.1,0.18377146136488104,non-identified
pvariation-scaling-crossing,2.5,48,0.15,0.21306700779135182,non-identified
pvariation-scaling-crossing,2.5,48,0.2,0.2275490077842534,non-identified
pvariation-scaling-crossing,2.5,48,0.3,0.22895574307448124,non-identified
pvariation-scaling-crossing,2.5,48,0.45,0.12690724760425284,non-identified
pvariation-scaling-crossing,2.5,48,0.6,0.050875961385790425,non-identified
pvariation-scaling-crossing,2.5,96,0.05,0.15161154171516328,non-identified
pvariation-scaling-crossing,2.5,96,0.1,0.1854218211357756,non-identified
pvariation-scaling-crossing,2.5,96,0.15,0.22175210376176593,non-identified
pvariation-scaling-crossing,2.5,96,0.2,0.2564852342874283,non-identified
pvariation-scaling-crossing,2.5,96,0.3,0.28055920391135536,non-identified
pvariation-scaling-crossing,2.5,96,0.45,0.20327603283126616,non-identified
pvariation-scaling-crossing,2.5,96,0.6,0.10680379577739779,non-identified
pvariation-scaling-crossing,2.5,288,0.05,0.15750394455631356,non-identified
pvariation-scaling-crossing,2.5,288,0.1,0.20056691950256136,non-identified
pvariation-scaling-crossing,2.5,288,0.15,0.23453596532392873,non-identified
pvariation-scaling-crossing,2.5,288,0.2,0.27152138130753845,non-identified
pvariation-scaling-crossing,2.5,288,0.3,0.32961565097493545,non-identified
pvariation-scaling-crossing,2.5,288,0.45,0.3236123147651166,non-identified
pvariation-scaling-crossing,2.5,288,0.6,0.22177575910053884,non-identified
pvariation-scaling-crossing,3.5,48,0.05,0.13277354778478662,non-identified
pvariation-scaling-crossing,3.5,48,0.1,0.17896122691207356,non-identified
pvariation-scaling-crossing,3.5,48,0.15,0.218086912670138,non-identified
pvariation-scaling-crossing,3.5,48,0.2,0.25143141375555556,non-identified
pvariation-scaling-crossing,3.5,48,0.3,0.2708517836222867,non-identified
pvariation-scaling-crossing,3.5,48,0.45,0.2094638425456176,non-identified
pvariation-scaling-crossing,3.5,48,0.6,0.10172758142592107,non-identified
pvariation-scaling-crossing,3.5,96,0.05,0.1542930498280638,non-identified
pvariation-scaling-crossing,3.5,96,0.1,0.18502038747105903,non-identified
pvariation-scaling-crossing,3.5,96,0.15,0.23279014103581902,non-identified
pvariation-scaling-crossing,3.5,96,0.2,0.2629670265959105,non-identified
pvariation-scaling-crossing,3.5,96,0.3,0.30636270413388905,non-identified
pvariation-scaling-crossing,3.5,96,0.45,0.2873005064569151,non-identified
pvariation-scaling-crossing,3.5,96,0.6,0.18214847361373457,non-identified
pvariation-scaling-crossing,3.5,288,0.05,0.14941754948591562,non-identified
pvariation-scaling-crossing,3.5,288,0.1,0.1969667381054962,non-identified
pvariation-scaling-crossing,3.5,288,0.15,0.23889056278931875,non-identified
pvariation-scaling-crossing,3.5,288,0.2,0.2784121362186331,non-identified
pvariation-scaling-crossing,3.5,288,0.3,0.348025434157469,non-identified
pvariation-scaling-crossing,3.5,288,0.45,0.3860289454874849,non-identified
pvariation-scaling-crossing,3.5,288,0.6,0.3012284889028783,non-identified
structure-function,0.5,48,0.05,0.0686290387606813,non-identified
structure-function,0.5,48,0.1,0.08688362621309505,non-identified
structure-function,0.5,48,0.15,0.08474555563894479,non-identified
structure-function,0.5,48,0.2,0.07459700266341236,non-identified
structure-function,0.5,48,0.3,0.05698085163582861,non-identified
structure-function,0.5,48,0.45,0.025566861557239074,non-identified
structure-function,0.5,48,0.6,0.008574873229318731,non-identified
structure-function,0.5,96,0.05,0.09345999320334555,non-identified
structure-function,0.5,96,0.1,0.11601452453019856,non-identified
structure-function,0.5,96,0.15,0.12265230461561374,non-identified
structure-function,0.5,96,0.2,0.11485011922900072,non-identified
structure-function,0.5,96,0.3,0.09243344769390391,non-identified
structure-function,0.5,96,0.45,0.043407279269752824,non-identified
structure-function,0.5,96,0.6,0.01761522567406551,non-identified
structure-function,0.5,288,0.05,0.11828242202859782,non-identified
structure-function,0.5,288,0.1,0.13974468462508213,non-identified
structure-function,0.5,288,0.15,0.16479769135102398,non-identified
structure-function,0.5,288,0.2,0.17936830201159162,non-identified
structure-function,0.5,288,0.3,0.17726614684000172,non-identified
structure-function,0.5,288,0.45,0.11033409729166213,non-identified
structure-function,0.5,288,0.6,0.05500878134252868,non-identified
structure-function,1.5,48,0.05,0.11252239832264346,non-identified
structure-function,1.5,48,0.1,0.14947142375799177,non-identified
structure-function,1.5,48,0.15,0.1733611636991011,non-identified
structure-function,1.5,48,0.2,0.18723851767338354,non-identified
structure-function,1.5,48,0.3,0.20124537458774044,non-identified
structure-function,1.5,48,0.45,0.1451557785412072,non-identified
structure-function,1.5,48,0.6,0.07485316367248881,non-identified
structure-function,1.5,96,0.05,0.12691530594234662,non-identified
structure-function,1.5,96,0.1,0.15668972233641976,non-identified
structure-function,1.5,96,0.15,0.18093051364185803,non-identified
structure-function,1.5,96,0.2,0.21473592443886874,non-identified
structure-function,1.5,96,0.3,0.25151319240982484,non-identified
structure-function,1.5,96,0.45,0.2148965617603394,non-identified
structure-function,1.5,96,0.6,0.13433448394602915,non-identified
structure-function,1.5,288,0.05,0.1318671340526628,non-identified
structure-function,1.5,288,0.1,0.16145804469876596,non-identified
structure-function,1.5,288,0.15,0.1988682468248228,non-identified
structure-function,1.5,288,0.2,0.22233566368293906,non-identified
structure-function,1.5,288,0.3,0.2885560832028887,non-identified
structure-function,1.5,288,0.45,0.3328211885162126,non-identified
structure-function,1.5,288,0.6,0.2513257953128044,non-identified
structure-function,2.5,48,0.05,0.12096616432131488,non-identified
structure-function,2.5,48,0.1,0.1600375626813776,non-identified
structure-function,2.5,48,0.15,0.18647741155890005,non-identified
structure-function,2.5,48,0.2,0.20934756986448405,non-identified
structure-function,2.5,48,0.3,0.2606617492040835,non-identified
structure-function,2.5,48,0.45,0.24746910209212108,non-identified
structure-function,2.5,48,0.6,0.17268363918250634,non-identified
structure-function,2.5,96,0.05,0.12567326029022255,non-identified
structure-function,2.5,96,0.1,0.16170494727107476,non-identified
structure-function,2.5,96,0.15,0.18888963240965376,non-identified
structure-function,2.5,96,0.2,0.224610792881467,non-identified
structure-function,2.5,96,0.3,0.30242042725590973,non-identified
structure-function,2.5,96,0.45,0.3137364389375966,non-identified
structure-function,2.5,96,0.6,0.23794005967483853,non-identified
structure-function,2.5,288,0.05,0.12789130973145457,identified
structure-function,2.5,288,0.1,0.16067479279107383,identified
structure-function,2.5,288,0.15,0.20180003709630903,identified
structure-function,2.5,288,0.2,0.2340161815395676,identified
structure-function,2.5,288,0.3,0.31394232046899,identified
structure-function,2.5,288,0.45,0.40344223283317165,de-biasable
structure-function,2.5,288,0.6,0.39703575564168747,non-identified
structure-function,3.5,48,0.05,0.11523294975496881,non-identified
structure-function,3.5,48,0.1,0.15738250945122406,non-identified
structure-function,3.5,48,0.15,0.19368206575325286,non-identified
structure-function,3.5,48,0.2,0.23207456659982104,non-identified
structure-function,3.5,48,0.3,0.28623880023352155,non-identified
structure-function,3.5,48,0.45,0.3206068284822126,non-identified
structure-function,3.5,48,0.6,0.254994430934713,non-identified
structure-function,3.5,96,0.05,0.12128758951035176,non-identified
structure-function,3.5,96,0.1,0.16195884434242142,non-identified
structure-function,3.5,96,0.15,0.19901722594280463,non-identified
structure-function,3.5,96,0.2,0.2299391996443248,non-identified
structure-function,3.5,96,0.3,0.29263347343886614,non-identified
structure-function,3.5,96,0.45,0.38385484971324674,non-identified
structure-function,3.5,96,0.6,0.36593564445755783,non-identified
structure-function,3.5,288,0.05,0.1291451286536905,identified
structure-function,3.5,288,0.1,0.1680970658339992,identified
structure-function,3.5,288,0.15,0.196798598508818,identified
structure-function,3.5,288,0.2,0.2413258291539532,identified
structure-function,3.5,288,0.3,0.3202199633377877,identified
structure-function,3.5,288,0.45,0.44592656011733317,de-biasable
structure-function,3.5,288,0.6,0.47513219118338246,non-identified
